uid,name,description
ffd4ce678bc24eabbd5a93f4a047d7b2,MiniCart,minicart
e81fbf68b4c84f889f2b48df593daaa2,Skull Knight,knight action figure
ffd4ce678bc24eabbd5a93f4a047d7b2,Faro La Serena,castle
faef9fe5ace445e7b2989d1c1ece361c,Shiba,dog
ff7bfad6abec4e418a08df2cedcf4676,Helicopter,helicopter
ff03127865b24b1fb55bf58c4ae698f6,Bus,bus
ff2e5497917c4f1fa8ae24de25589aed,P 47 Aircraft,plane
ff1901c0b9464ca295c6f05bdf9976f1,Lamb,sports car
fe23d93805f0429f9990facbdf195990,Trollay,trollay
fcfd6b9a12f3402b8edd867a0d4af9e7,Lancha Low Poly,boat
b874cb19b42741729b950f6afbdf0dea,Castle on Hills,castle
fa5c2a7d45ae424dab171efec99388a7,Igloo,igloo
f8abd9079f194334ae9be4f0a9f8ce49,Draft Telephone Box,telephone box
fd83ebf299a24145a4a9048eb473be22,Converse - low poly,shoes
f6ff3815d6414d34a835c7f02fde9aec,Retro flying car Detailed draft,car
sBv577Vdl9lrcvyFT3vbNvkGKml,batmobile armored,batmobile
01c685b2e98a486981aeb60a89149265,X-12 Mech,action figure
fe27db91f4ab40d4a55d5ebc56b184e3,Dune Buggy With Real Wheel,dune buggy
57f7f6e71f78476b84f823064c289056,Vulcan - Rocket League,sports car